,Unnamed: 0,year,lifeExp,pop,gdpPercap
0,count,3313.0,3313.0,3313.0,3313.0
1,mean,1980.2930878357984,65.24045733776033,31773251.407183822,11313.820704426891
2,std,16.931879107355776,11.772423851356695,104501904.43680891,11369.008362106804
3,min,1950.0,23.599,59412.0,241.1658765
4,25%,1967.0,58.333,2680018.0,2505.291423
5,50%,1982.0,69.61,7559776.0,7825.823398
6,75%,1996.0,73.657,19610538.0,17355.7471
7,max,2007.0,82.67,1318683096.0,113523.1329
